Client,Round,Loss,MAE
Client_1,1,0.0026450033765286207,0.028754396364092827
Client_1,2,0.0020316706504672766,0.022792022675275803
Client_1,3,0.001835052971728146,0.022851528599858284
Client_1,4,0.001848578336648643,0.025743205100297928
Client_1,5,0.0020184882450848818,0.029917117208242416
