Client,Round,Loss,MAE
Client_2,1,0.0119927441701293,0.07538576424121857
Client_2,2,0.0073018865659832954,0.05594683066010475
Client_2,3,0.00486818328499794,0.04433528706431389
Client_2,4,0.0036343683023005724,0.0373871885240078
Client_2,5,0.00302492780610919,0.033702000975608826
