Client,Round,Loss,MAE
Client_3,1,0.01600060611963272,0.12280824780464172
Client_3,2,0.013175896368920803,0.11142206937074661
Client_3,3,0.010890324600040913,0.10092241317033768
Client_3,4,0.009024715051054955,0.09136567264795303
Client_3,5,0.0074553838931024075,0.08242644369602203
