round,federated_evaluate_loss,federated_evaluate_mae
1,0.010212784555430213,0.07564946946998437
2,0.007503151195123792,0.06338697423537572
3,0.005864520285588999,0.05603640961150328
4,0.00483588723000139,0.051498688757419586
5,0.004166266648098826,0.048681853959957756
