Round,Loss,MAE,RMSE,R2
0,0.06073886901140213,0.2095123827457428,0.24645256193862508,-14.927830696105957
1,0.04220787063241005,0.17618033289909363,0.20544555083452246,-10.068364143371582
2,0.030491311103105545,0.15075001120567322,0.17461763528832402,-6.995878219604492
3,0.02312253788113594,0.13122500479221344,0.15206096764500723,-5.063529014587402
4,0.018217654898762703,0.11558925360441208,0.13497278627974438,-3.777298927307129
5,0.014959610998630524,0.10349550098180771,0.12230949620236228,-2.9229278564453125
